Date,BTC-USD_ret
2020-01-01,0.0
2020-01-02,-0.029819292162590716
2020-01-03,0.05145166344511276
2020-01-04,0.008954866877941559
2020-01-05,8.914790612779555e-05
2020-01-06,0.04829126010697582
2020-01-07,0.050773846435889336
2020-01-08,-0.010268587535248286
2020-01-09,-0.024850855645838776
2020-01-10,0.03648690303834745
2020-01-11,-0.015798168776598898
2020-01-12,0.019279106453440997
2020-01-13,-0.005895616628883604
2020-01-14,0.08393344808628167
2020-01-15,-0.002350980919464507
2020-01-16,-0.009449813541879348
2020-01-17,0.02352785247141642
2020-01-18,0.0015422162701026476
2020-01-19,-0.026452928527155417
2020-01-20,-0.005582491465413786
2020-01-21,0.010193531591149663
2020-01-22,-0.007434180055016837
2020-01-23,-0.03160514587505292
2020-01-24,0.004629616722148233
2020-01-25,-0.00918684685986848
2020-01-26,0.027364554337216074
2020-01-27,0.036407519395889265
2020-01-28,0.05036808165148732
2020-01-29,-0.004483577295090302
2020-01-30,0.02064730312029206
2020-01-31,-0.016664631518128026
2020-02-01,0.00452869583961979
2020-02-02,-0.0051645279666768795
2020-02-03,-0.005441113304621492
2020-02-04,-0.012111511652417528
2020-02-05,0.047104093835473426
2020-02-06,0.012105773319493585
2020-02-07,0.006797836503646293
2020-02-08,0.007061676319697785
2020-02-09,0.02549940694219166
2020-02-10,-0.025706324471686526
2020-02-11,0.03567402510806805
2020-02-12,0.011541499979814906
2020-02-13,-0.010814856987217514
2020-02-14,0.009568503349817403
2020-02-15,-0.0409897830477971
2020-02-16,0.004551203932625647
2020-02-17,-0.024590331529186438
2020-02-18,0.0466302236506857
2020-02-19,-0.05014884351152826
2020-02-20,-0.0025859164113087862
2020-02-21,0.008114275736580634
2020-02-22,-0.002401270461409255
2020-02-23,0.02704430011708836
2020-02-24,-0.027642741538078885
2020-02-25,-0.031965195740564556
2020-02-26,-0.05579095174048332
2020-02-27,-0.0040846016176541156
2020-02-28,-0.012754184897438958
2020-02-29,-0.008411261679117432
2020-03-01,-0.0043089307085921735
2020-03-02,0.03587941221856461
2020-03-03,-0.009231886844013548
2020-03-04,-0.0037028710724991143
2020-03-05,0.03695117168590434
2020-03-06,0.004822595830994203
2020-03-07,-0.02330399860322019
2020-03-08,-0.08999349283790192
2020-03-09,-0.022751484424786028
2020-03-10,-0.0017561412564156553
2020-03-11,0.00021501160000858555
2020-03-12,-0.37169538560117077
2020-03-13,0.11928067241286833
2020-03-14,-0.06530552710121185
2020-03-15,0.036910617960911996
2020-03-16,-0.07006915676163483
2020-03-17,0.04210793838741411
2020-03-18,0.0024512036855608432
2020-03-19,0.18187755736638023
2020-03-20,0.001225199953657663
2020-03-21,-0.00221203491300348
2020-03-22,-0.05736583896317804
2020-03-23,0.10052048673231173
2020-03-24,0.04963733427047878
2020-03-25,-0.007979552925792555
2020-03-26,0.005295181540467819
2020-03-27,-0.03672214358569481
2020-03-28,-0.035179534234601295
2020-03-29,-0.051288198783903005
2020-03-30,0.08574723804008189
2020-03-31,0.0013690436954885143
2020-04-01,0.026112924097839496
2020-04-02,0.028281287899985408
2020-04-03,-0.008866740365705117
2020-04-04,0.01992164308903499
2020-04-05,-0.011124520572645125
2020-04-06,0.0707764242948763
2020-04-07,-0.013114627068677276
2020-04-08,0.02197254365887824
2020-04-09,-0.004364445986660415
2020-04-10,-0.05979058460566089
2020-04-11,-0.0009336774645052337
2020-04-12,0.016329994685138294
2020-04-13,-0.018082418492216368
2020-04-14,-0.0003812781513637953
2020-04-15,-0.029275847531044064
2020-04-16,0.07146740203164859
2020-04-17,-0.002897315751431484
2020-04-18,0.02275595669052466
2020-04-19,-0.009402505352301915
2020-04-20,-0.04276646838190479
2020-04-21,-0.00023761461322069355
2020-04-22,0.034429236680519004
2020-04-23,0.043910071328696176
2020-04-24,0.016309658285092787
2020-04-25,0.002520911948821203
2020-04-26,0.014522071498782596
2020-04-27,0.015069777105927384
2020-04-28,0.001469741643032707
2020-04-29,0.1273180520232342
2020-04-30,-0.01618949646720247
2020-05-01,0.023816089558295506
2020-05-02,0.013968791699848548
2020-05-03,-0.010138170944239966
2020-05-04,0.0017067266322232655
2020-05-05,0.010144678859214995
2020-05-06,0.029511199738283755
2020-05-07,0.07366214135771076
2020-05-08,-0.010938284289408906
2020-05-09,-0.025274608612654736
2020-05-10,-0.0872915214038874
2020-05-11,-0.017659566044374797
2020-05-12,0.023562712138033515
2020-05-13,0.05287193516704303
2020-05-14,0.05002535168149658
2020-05-15,-0.04166180495059313
2020-05-16,0.005233209039209763
2020-05-17,0.03132400103227817
2020-05-18,0.005773698991511145
2020-05-19,0.00025321252090737545
2020-05-20,-0.02117954918100662
2020-05-21,-0.04633209978369557
2020-05-22,0.01110086707949609
2020-05-23,0.0029087652089092586
2020-05-24,-0.045488748514099786
2020-05-25,0.013260696716498988
2020-05-26,-0.008070322664891605
2020-05-27,0.039158209254817056
2020-05-28,0.037548495632866885
2020-05-29,-0.009093976247976698
2020-05-30,0.02768159825145977
2020-05-31,-0.024674768232348376
2020-06-01,0.07464386293982206
2020-06-02,-0.06269774820259899
2020-06-03,0.013317594606312655
2020-06-04,0.014903505382374727
2020-06-05,-0.013785177382049874
2020-06-06,-0.0012263695520872142
2020-06-07,0.010894586827723485
2020-06-08,0.0012948980117710729
2020-06-09,0.0024777121338637187
2020-06-10,0.007594610876882513
2020-06-11,-0.05555301055894357
2020-06-12,0.01706353064227928
2020-06-13,-0.0005871213994007585
2020-06-14,-0.009338962291258746
2020-06-15,0.006808938469139436
2020-06-16,0.009239764861221245
2020-06-17,-0.006056760681470541
2020-06-18,-0.007216479234543938
2020-06-19,-0.013156009327927487
2020-06-20,0.004771982890003024
2020-06-21,-0.0030764990320015784
2020-06-22,0.03709174751916078
2020-06-23,-0.0019753474772544743
2020-06-24,-0.03282025643027875
2020-06-25,-0.005239308190707503
2020-06-26,-0.010998117562784016
2020-06-27,-0.012826410118569775
2020-06-28,0.010855408054862181
2020-06-29,0.005170015512075743
2020-06-30,-0.005751513982724221
2020-07-01,0.00988532488788163
2020-07-02,-0.011368806022981404
2020-07-03,-0.00395756024273064
2020-07-04,0.004972274697731871
2020-07-05,-0.00641072801130238
2020-07-06,0.0332305643833104
2020-07-07,-0.01314037643510968
2020-07-08,0.019028359994139876
2020-07-09,-0.015948231171979632
2020-07-10,9.052022711308894e-05
2020-07-11,-0.004145030168397623
2020-07-12,0.003912550206798482
2020-07-13,-0.003545059255915528
2020-07-14,-4.331537576462985e-05
2020-07-15,-0.005450155524782674
2020-07-16,-0.006593108913667822
2020-07-17,0.002098616025556055
2020-07-18,0.0008356608977502233
2020-07-19,0.002923597193133398
2020-07-20,-0.0023499201650132306
2020-07-21,0.02298678850016933
2020-07-22,0.016050921443329758
2020-07-23,0.00584848921034431
2020-07-24,-0.004611142289210002
2020-07-25,0.014702976045533722
2020-07-26,0.023566295475673238
2020-07-27,0.1096100707382146
2020-07-28,-0.007101328925793737
2020-07-29,0.017194865809297744
2020-07-30,0.0009680757576464583
2020-07-31,0.0191025870102548
2020-08-01,0.03851523428168302
2020-08-02,-0.060034265575901635
2020-08-03,0.017436321777176023
2020-08-04,-0.00359726129861071
2020-08-05,0.04828976175167332
2020-08-06,0.002788023660583505
2020-08-07,-0.01513618086086388
2020-08-08,0.013151196120374076
2020-08-09,-0.006662100973708895
2020-08-10,0.017332698670629254
2020-08-11,-0.03936534391564839
2020-08-12,0.015284938573538076
2020-08-13,0.017195015111304723
2020-08-14,-0.0012955213149429268
2020-08-15,0.008227394765919493
2020-08-16,0.0022843551383793237
2020-08-17,0.03040482644811049
2020-08-18,-0.021475461465219614
2020-08-19,-0.019426708460436926
2020-08-20,0.01021312934149976
2020-08-21,-0.024067507803910648
2020-08-22,0.007706363621583279
2020-08-23,-0.0014533293195752028
2020-08-24,0.00940844236539995
2020-08-25,-0.034690018052305094
2020-08-26,0.010753745063331488
2020-08-27,-0.01435938403704018
2020-08-28,0.01934954061432026
2020-08-29,-0.0030872658111327222
2020-08-30,0.017784220187846422
2020-08-31,-0.0026201196706430174
2020-09-01,0.024797762089964426
2020-09-02,-0.04648471948812871
2020-09-03,-0.10239476124641311
2020-09-04,0.02601355576262887
2020-09-05,-0.03255823502891142
2020-09-06,0.010893696409813414
2020-09-07,0.00867790498409815
2020-09-08,-0.022956306264775628
2020-09-09,0.010939236349907233
2020-09-10,0.011793293850096198
2020-09-11,0.0036452631180188266
2020-09-12,0.003966560559340859
2020-09-13,-0.011340078630605377
2020-09-14,0.0345883839286778
2020-09-15,0.010871177190313608
2020-09-16,0.01648188444401355
2020-09-17,-0.0023612995663134795
2020-09-18,-0.00040225598714782596
2020-09-19,0.013683545731443925
2020-09-20,-0.014067993350005525
2020-09-21,-0.04351800185522625
2020-09-22,0.0072833400259153525
2020-09-23,-0.027733979972724532
2020-09-24,0.050153282066164984
2020-09-25,-0.006259218747560857
2020-09-26,0.005424892199001441
2020-09-27,0.0022831856976197606
2020-09-28,-0.006089609852421796
2020-09-29,0.012604356977915954
2020-09-30,-0.00554646448346463
2020-10-01,-0.015303370300178809
2020-10-02,-0.00409414143543152
2020-10-03,-0.0025194375739971964
2020-10-04,0.011399199427022166
2020-10-05,0.01159903211277169
2020-10-06,-0.017504646058134066
2020-10-07,0.0060882710901424275
2020-10-08,0.023124708925124526
2020-10-09,0.013629236597062944
2020-10-10,0.02095930231275278
2020-10-11,0.0077742124166433335
2020-10-12,0.01503679807902314
2020-10-13,-0.011203790312466544
2020-10-14,0.0003157232305546209
2020-10-15,0.005760771167350187
2020-10-16,-0.01506927308750361
2020-10-17,0.0031777181254826203
2020-10-18,0.011028058853915557
2020-10-19,0.02252631185070797
2020-10-20,0.014843919324981414
2020-10-21,0.07614375520341321
2020-10-22,0.011089019970212055
2020-10-23,-0.0026494544392426933
2020-10-24,0.0136506131750318
2020-10-25,-0.0058657541398662305
2020-10-26,0.003382214014740148
2020-10-27,0.04427990207523247
2020-10-28,-0.02804507535445777
2020-10-29,0.012553242153156674
2020-10-30,0.00808458072996765
2020-10-31,0.01730869726353168
2020-11-01,-0.003184511845067406
2020-11-02,-0.013585108198026608
2020-11-03,0.02950532012761009
2020-11-04,0.013147117963686394
2020-11-05,0.10231863433740651
2020-11-06,-0.0008965281862933772
2020-11-07,-0.0470340843373509
2020-11-08,0.04353675277640923
2020-11-09,-0.009512665921690977
2020-11-10,-0.0027010327388199418
2020-11-11,0.02684194109497806
2020-11-12,0.03662132734990031
2020-11-13,0.002547552717421464
2020-11-14,-0.015300456580341737
2020-11-15,-0.007004593596581565
2020-11-16,0.04766502135260464
2020-11-17,0.05559276937282975
2020-11-18,0.008988152900985202
2020-11-19,0.0007348899162549216
2020-11-20,0.045137820846602006
2020-11-21,0.0011233347035009
2020-11-22,-0.014602889964538845
2020-11-23,-0.000320133845930215
2020-11-24,0.040478046632625775
2020-11-25,-0.01964382784787766
2020-11-26,-0.08442706722639481
2020-11-27,-0.0024617591448197196
2020-11-28,0.03559722915754793
2020-11-29,0.02596712538731971
2020-11-30,0.07967832801396635
2020-12-01,-0.04192625951044282
2020-12-02,0.021171823185194727
2020-12-03,0.012723580680175761
2020-12-04,-0.038344949058079725
2020-12-05,0.024303237423597412
2020-12-06,0.009965977245154134
2020-12-07,-0.007934312410408761
2020-12-08,-0.0453576006387062
2020-12-09,0.012705073309037251
2020-12-10,-0.015572121156616547
2020-12-11,-0.011283218109780502
2020-12-12,0.041240151721379625
2020-12-13,0.018013866983980886
2020-12-14,0.005446642655266398
2020-12-15,0.008855135259981495
2020-12-16,0.09751836309514528
2020-12-17,0.07013245133867341
2020-12-18,0.014593135822884129
2020-12-19,0.03163075154837203
2020-12-20,-0.01644490454985592
2020-12-21,-0.028717656479103182
2020-12-22,0.042974334095805755
2020-12-23,-0.022776055438033516
2020-12-24,0.021281190940612982
2020-12-25,0.03913227940938091
2020-12-26,0.07185327832809496
2020-12-27,-0.0062314920850786715
2020-12-28,0.03092663485588698
2020-12-29,0.010250355112868093
2020-12-30,0.054034499850387885
2020-12-31,0.005574281038085438
2021-01-01,0.012841708408869223
2021-01-02,0.09372577639540935
2021-01-03,0.020380066800975483
2021-01-04,-0.024712000360334718
2021-01-05,0.06319658000613337
2021-01-06,0.08331071417326141
2021-01-07,0.0691574669750421
2021-01-08,0.0362338992996023
2021-01-09,-0.013311135341493308
2021-01-10,-0.047152573214749416
2021-01-11,-0.07273315912449108
2021-01-12,-0.046214502171538774
2021-01-13,0.10003249550509552
2021-01-14,0.050138030111625875
2021-01-15,-0.06027358971670127
2021-01-16,-0.017575563040677422
2021-01-17,-0.010693288117263444
2021-01-18,0.023435790428599335
2021-01-19,-0.015295342507474663
2021-01-20,-0.014473454791977813
2021-01-21,-0.1328368400602007
2021-01-22,0.07072224005462169
2021-01-23,-0.02842289017956734
2021-01-24,0.006914643868341619
2021-01-25,0.0023851084933719235
2021-01-26,0.006286058316783416
2021-01-27,-0.06562212475675022
2021-01-28,0.09968113394222766
2021-01-29,0.02540747568580648
2021-01-30,-0.0013656239986477026
2021-01-31,-0.03370820328466961
2021-02-01,0.012768370405776608
2021-02-02,0.05883361479570781
2021-02-03,0.055245981743407446
2021-02-04,-0.014571470120209207
2021-02-05,0.032991388091470286
2021-02-06,0.029406828078771152
2021-02-07,-0.009233693380855112
2021-02-08,0.18746473766529936
2021-02-09,0.006161523959955284
2021-02-10,-0.03362488605290981
2021-02-11,0.0665910372634968
2021-02-12,-0.008442623839676311
2021-02-13,-0.008406213773231364
2021-02-14,0.03421623595697554
2021-02-15,-0.01585126109458379
2021-02-16,0.026171883752032166
2021-02-17,0.05994196027730325
2021-02-18,-0.008997504596578998
2021-02-19,0.08143096900475189
2021-02-20,0.0037823185014820293
2021-02-21,0.025676258785917394
2021-02-22,-0.05791845963531039
2021-02-23,-0.09930198541853996
2021-02-24,0.018042326886684945
2021-02-25,-0.052539242009451814
2021-02-26,-0.016012490351298148
2021-02-27,-0.003265200081699504
2021-02-28,-0.022747754528746222
2021-03-01,0.09955017057586457
2021-03-02,-0.025231161886280384
2021-03-03,0.04463205996986197
2021-03-04,-0.039120359814156846
2021-03-05,0.007539701660092213
2021-03-06,-0.0003049805235605385
2021-03-07,0.046906498146797926
2021-03-08,0.020306565464276005
2021-03-09,0.049335220420617
2021-03-10,0.021604243798385436
2021-03-11,0.032076714848716215
2021-03-12,-0.008183206626845796
2021-03-13,0.06821652767950437
2021-03-14,-0.031689610370558396
2021-03-15,-0.05725100456855314
2021-03-16,0.01605702194966918
2021-03-17,0.036369962842253134
2021-03-18,-0.017189693893861602
2021-03-19,0.008429650137686817
2021-03-20,-0.0005657190459794625
2021-03-21,-0.013551247955811196
2021-03-22,-0.05205318540083803
2021-03-23,0.0038474981233158623
2021-03-24,-0.035891807492523076
2021-03-25,-0.020277031922222966
2021-03-26,0.06639992475218648
2021-03-27,0.015165759461888806
2021-03-28,-0.0004067213991215679
2021-03-29,0.03216137854506651
2021-03-30,0.020216245195582738
2021-03-31,1.9359634988669328e-05
2021-04-01,0.0030037350775407035
2021-04-02,0.004881969011259368
2021-04-03,-0.029981350293480258
2021-04-04,0.0200448971410081
2021-04-05,0.005094138552963257
2021-04-06,-0.014655445594718208
2021-04-07,-0.036833390122360865
2021-04-08,0.04058980823677527
2021-04-09,-0.0013536328475677317
2021-04-10,0.026581343719059625
2021-04-11,0.006885903949730876
2021-04-12,-0.005174186540237491
2021-04-13,0.06027376479221824
2021-04-14,-0.00620063437737306
2021-04-15,0.003237480473297971
2021-04-16,-0.027501379378466195
2021-04-17,-0.014437688523377457
2021-04-18,-0.0736215468265391
2021-04-19,-0.008750468945115109
2021-04-20,0.013436976092944253
2021-04-21,-0.045454287638402646
2021-04-22,-0.0397694659817468
2021-04-23,-0.012917150838772984
2021-04-24,-0.02040928977310741
2021-04-25,-0.02091099195802515
2021-04-26,0.10238907033660749
2021-04-27,0.018721407731506323
2021-04-28,-0.003787066282106566
2021-04-29,-0.02315733013830157
2021-04-30,0.07833176806484676
2021-05-01,0.0013484807439372304
2021-05-02,-0.020698824187899145
2021-05-03,0.010051280367532334
2021-05-04,-0.06760024652955021
2021-05-05,0.07669599321369813
2021-05-06,-0.01789307689659958
2021-05-07,0.017020319573156195
2021-05-08,0.02523475916996243
2021-05-09,-0.009718099130935132
2021-05-10,-0.04074231762821234
2021-05-11,0.01512317249631967
2021-05-12,-0.1332174549686006
2021-05-13,0.011508648851976444
2021-05-14,0.00330563837155351
2021-05-15,-0.06255641898138342
2021-05-16,-0.0065040138312105755
2021-05-17,-0.06282381595309616
2021-05-18,-0.014426855146374762
2021-05-19,-0.13766122609163733
2021-05-20,0.10216344466291027
2021-05-21,-0.08528232829817228
2021-05-22,0.006217486259949112
2021-05-23,-0.0736893688644572
2021-05-24,0.11318183957815453
2021-05-25,-0.007847826326095597
2021-05-26,0.023227211885217036
2021-05-27,-0.021815700174415475
2021-05-28,-0.07126897282320166
2021-05-29,-0.03029724398312339
2021-05-30,0.03068120125307594
2021-05-31,0.04637929771620186
2021-06-01,-0.017355481635803582
2021-06-02,0.02426756732611457
2021-06-03,0.043475133082156336
2021-06-04,-0.05902658087058821
2021-06-05,-0.03638625350557034
2021-06-06,0.008731498936251025
2021-06-07,-0.06418068028941804
2021-06-08,-0.0026243254847995168
2021-06-09,0.11569117681725527
2021-06-10,-0.01720501684509279
2021-06-11,0.01721406171757467
2021-06-12,-0.047727642256857994
2021-06-13,0.09972131894675185
2021-06-14,0.028661855288592664
2021-06-15,0.004669320789865594
2021-06-16,-0.05096256237308472
2021-06-17,-0.007655308506355651
2021-06-18,-0.0595545108824469
2021-06-19,-0.004788717174578294
2021-06-20,0.002314299179515533
2021-06-21,-0.11265533282181261
2021-06-22,0.02616961270137308
2021-06-23,0.0374509295196066
2021-06-24,0.027856637741157764
2021-06-25,-0.0872604012088013
2021-06-26,0.017336806155961115
2021-06-27,0.07653470332064805
2021-06-28,-0.006213875976586625
2021-06-29,0.04162825758718758
2021-06-30,-0.02305527321430456
2021-07-01,-0.04191448950075438
2021-07-02,0.00967855812266083
2021-07-03,0.022760094790705843
2021-07-04,0.017861561294527206
2021-07-05,-0.043691535402215154
2021-07-06,0.014496276584600176
2021-07-07,-0.011095808977648836
2021-07-08,-0.028886355129662422
2021-07-09,0.02800225791699673
2021-07-10,-0.008210311003178261
2021-07-11,0.021469475378479208
2021-07-12,-0.031668630428790756
2021-07-13,-0.013687548281983153
2021-07-14,0.003679352094793975
2021-07-15,-0.031734999531688124
2021-07-16,-0.011302175908234458
2021-07-17,0.003549453661488622
2021-07-18,0.008363987433579023
2021-07-19,-0.030788575922789052
2021-07-20,-0.03278895069501786
2021-07-21,0.07727442675168827
2021-07-22,0.006303573302191001
2021-07-23,0.03925482537500802
2021-07-24,0.021169199000986128
2021-07-25,0.030844758309330533
2021-07-26,0.05621887171744144
2021-07-27,0.055424286615063156
2021-07-28,0.014945713184850051
2021-07-29,0.00031292265067750513
2021-07-30,0.055666404612466414
2021-07-31,-0.014427457617713135
2021-08-01,-0.039669750474507826
2021-08-02,-0.019335866368471732
2021-08-03,-0.02675797936526192
2021-08-04,0.041792893187100555
2021-08-05,0.02822946527400849
2021-08-06,0.04763803587748594
2021-08-07,0.04062220829002827
2021-08-08,-0.017005273846830926
2021-08-09,0.058616336068955555
2021-08-10,-0.016830892309838696
2021-08-11,0.00018877838873909702
2021-08-12,-0.02555943636254754
2021-08-13,0.07574073458615982
2021-08-14,-0.01457055076832292
2021-08-15,-0.0010603958689597848
2021-08-16,-0.02215910567498447
2021-08-17,-0.028456465011732934
2021-08-18,0.002367765389513554
2021-08-19,0.04277544261522093
2021-08-20,0.056115872471717454
2021-08-21,-0.008789842693618932
2021-08-22,0.00850947690403503
2021-08-23,0.004551674225862445
2021-08-24,-0.037137725293038826
2021-08-25,0.02630002081428562
2021-08-26,-0.04122830434622349
2021-08-27,0.04508626296557394
2021-08-28,-0.003185280633781984
2021-08-29,-0.0014839825657210204
2021-08-30,-0.0363476092875793
2021-08-31,0.0023738850726162664
2021-09-01,0.03562556399047523
2021-09-02,0.009840830417728652
2021-09-03,0.014143210068944922
2021-09-04,-0.0016141808032423821
2021-09-05,0.03621581213694158
2021-09-06,0.017006125728580734
2021-09-07,-0.1106216071695616
2021-09-08,-0.015375366885328479
2021-09-09,0.006509485739778498
2021-09-10,-0.032495484247323514
2021-09-11,0.0070748487352050304
2021-09-12,0.019066033632592516
2021-09-13,-0.023884438158555232
2021-09-14,0.0473592610325122
2021-09-15,0.023015462091804384
2021-09-16,-0.008157286726135138
2021-09-17,-0.010795386730801604
2021-09-18,0.021385589090024082
2021-09-19,-0.021089044077959085
2021-09-20,-0.09344895316951951
2021-09-21,-0.050185206746199196
2021-09-22,0.07079311406361999
2021-09-23,0.0303064775724482
2021-09-24,-0.04578111561282838
2021-09-25,-0.002874812528084303
2021-09-26,0.011516492054097771
2021-09-27,-0.02251426719942695
2021-09-28,-0.02844007873591181
2021-09-29,0.012911568502261384
2021-09-30,0.05356827518164842
2021-10-01,0.09878873042688929
2021-10-02,-0.008426411013467638
2021-10-03,0.010237887379882071
2021-10-04,0.018940873580984396
2021-10-05,0.048905889117254686
2021-10-06,0.0746704982911468
2021-10-07,-0.02809653406297008
2021-10-08,0.0030082765538104184
2021-10-09,0.01853649985027972
2021-10-10,-0.003577422040362044
2021-10-11,0.04953684064585273
2021-10-12,-0.025114999851183484
2021-10-13,0.02426861834211813
2021-10-14,-0.001386283921372633
2021-10-15,0.07453440740995654
2021-10-16,-0.01139348166745524
2021-10-17,0.01086243756414218
2021-10-18,0.007675599893030238
2021-10-19,0.036047967727284025
2021-10-20,0.026934175102288238
2021-10-21,-0.057319313661295834
2021-10-22,-0.024399647264276236
2021-10-23,0.011555863919028075
2021-10-24,-0.007537937512081094
2021-10-25,0.0346128236844363
2021-10-26,-0.04244985266320056
2021-10-27,-0.03116779376295975
2021-10-28,0.03658793903693369
2021-10-29,0.02648913766352501
2021-10-30,-0.005449845794435637
2021-10-31,-0.009208042570786446
2021-11-01,-0.005129747739996526
2021-11-02,0.03642353446805324
2021-11-03,-0.004054563588107407
2021-11-04,-0.024103783966732184
2021-11-05,-0.005313959884109654
2021-11-06,0.006573419146120196
2021-11-07,0.029247220896912562
2021-11-08,0.06695154718111462
2021-11-09,-0.008806096371717143
2021-11-10,-0.029513867421399387
2021-11-11,-0.0006965054346836919
2021-11-12,-0.01222509636324598
2021-11-13,0.0048878705639170406
2021-11-14,0.015469517787564335
2021-11-15,-0.02915932332393234
2021-11-16,-0.05344145330150951
2021-11-17,0.003436857419438999
2021-11-18,-0.05674983989800575
2021-11-19,0.020677857806173483
2021-11-20,0.027144333086984274
2021-11-21,-0.01619370466132397
2021-11-22,-0.041565940596482776
2021-11-23,0.022735855747423095
2021-11-24,-0.02238438701660228
2021-11-25,0.017666069374003168
2021-11-26,-0.06468677053655503
2021-11-27,0.02324655494514305
2021-11-28,0.044392510044424904
2021-11-29,0.009748898117819094
2021-11-30,-0.013858989986877734
2021-12-01,0.003936508510805847
2021-12-02,-0.013140205787574133
2021-12-03,-0.05098586481791345
2021-12-04,-0.08204639683653359
2021-12-05,0.003417522933012007
2021-12-06,0.02458589579002135
2021-12-07,0.002322159783127109
2021-12-08,-0.00385184874717448
2021-12-09,-0.05608726213196957
2021-12-10,-0.00899511908452133
2021-12-11,0.044857216044006165
2021-12-12,0.014906619570362878
2021-12-13,-0.0670851717099511
2021-12-14,-0.00267125345649466
2021-12-15,0.04900151967252708
2021-12-16,-0.025181582897818466
2021-12-17,-0.030699007215741814
2021-12-18,0.013995731563123393
2021-12-19,-0.0030259427628138713
2021-12-20,0.003709543768351198
2021-12-21,0.04386356169401262
2021-12-22,-0.006295931447672265
2021-12-23,0.04433669194360079
2021-12-24,0.0007414904357732066
2021-12-25,-0.007719775485643066
2021-12-26,0.0075284019171428795
2021-12-27,-0.003328070621613999
2021-12-28,-0.06025942562091624
2021-12-29,-0.02404227880624954
2021-12-30,0.01579112126431248
2021-12-31,-0.018476352917798256
2022-01-01,0.029809396471367267
2022-01-02,-0.007163274962024402
2022-01-03,-0.0187368774698079
2022-01-04,-0.012065555013512697
2022-01-05,-0.050734060615097554
2022-01-06,-0.009366159015892994
2022-01-07,-0.03714070469186992
2022-01-08,0.004235994902819673
2022-01-09,0.004256970472081845
2022-01-10,-0.0021554853640055605
2022-01-11,0.021869109453241498
2022-01-12,0.028389418684672707
2022-01-13,-0.030888714484173407
2022-01-14,0.011930269358978673
2022-01-15,0.001802778677309158
2022-01-16,-0.0014711291913973579
2022-01-17,-0.020024366790964976
2022-01-18,0.0029604828561313745
2022-01-19,-0.014897823244158781
2022-01-20,-0.02548634039729203
2022-01-21,-0.10381165615712484
2022-01-22,-0.039143484680769114
2022-01-23,0.03558509252717301
2022-01-24,0.010406744495611076
2022-01-25,0.008175727030871549
2022-01-26,-0.002757016878562668
2022-01-27,0.007763821260712289
2022-01-28,0.017397102127314046
2022-01-29,0.00936493083845824
2022-01-30,-0.005783656346668664
2022-01-31,0.01491453610450133
2022-02-01,0.00676006528835682
2022-02-02,-0.046209029430310355
2022-02-03,0.005456046132945147
2022-02-04,0.116978066100073
2022-02-05,-0.001438787435204647
2022-02-06,0.023437312952531153
2022-02-07,0.033665872045371525
2022-02-08,0.0063448528050995545
2022-02-09,0.004994545046617338
2022-02-10,-0.01744935921313273
2022-02-11,-0.026561982607033352
2022-02-12,-0.0038546734323026133
2022-02-13,-0.001111462077505676
2022-02-14,0.009228086961576842
2022-02-15,0.04668769779745485
2022-02-16,-0.013759752216496501
2022-02-17,-0.07788223029977337
2022-02-18,-0.012507647384577658
2022-02-19,0.0022777282826873524
2022-02-20,-0.04214073972532317
2022-02-21,-0.03528620868790788
2022-02-22,0.03265642371222732
2022-02-23,-0.025843815613622922
2022-02-24,0.027778400368163814
2022-02-25,0.022998939789759643
2022-02-26,-0.002781397053842838
2022-02-27,-0.03568234201898368
2022-02-28,0.1454118392886461
2022-03-01,0.026888524570001016
2022-03-02,-0.009706302725009275
2022-03-03,-0.03351981142193561
2022-03-04,-0.07806935036049167
2022-03-05,0.00671938064683042
2022-03-06,-0.024887994408395286
2022-03-07,-0.009316643885282638
2022-03-08,0.017740259990833174
2022-03-09,0.08378639716414904
2022-03-10,-0.060630954045771346
2022-03-11,-0.016291319622939393
2022-03-12,0.002810649293818468
2022-03-13,-0.027101257933814904
2022-03-14,0.0480080837903738
2022-03-15,-0.008268101563720931
2022-03-16,0.04588714481344902
2022-03-17,-0.00467993171076464
2022-03-18,0.020750884742987363
2022-03-19,0.009317830622209256
2022-03-20,-0.022346848712323064
2022-03-21,-0.004117262624553253
2022-03-22,0.031180014163224357
2022-03-23,0.012610091153007819
2022-03-24,0.024898646221148013
2022-03-25,0.008821397620525806
2022-03-26,0.003429583093865096
2022-03-27,0.052126312256127294
2022-03-28,0.0065678873583499
2022-03-29,0.0071661546110000085
2022-03-30,-0.008491735032190584
2022-03-31,-0.03238210822970233
2022-04-01,0.016315115388267687
2022-04-02,-0.008917040798352427
2022-04-03,0.012745379989237415
2022-04-04,0.003640395949819908
2022-04-05,-0.02287907280900814
2022-04-06,-0.05156849392240015
2022-04-07,0.006876459247305178
2022-04-08,-0.02795577079433975
2022-04-09,0.011693070951357853
2022-04-10,-0.013427680050824398
2022-04-11,-0.06363225953812457
2022-04-12,0.015315083892861292
2022-04-13,0.025906300465151855
2022-04-14,-0.029908006531745968
2022-04-15,0.015473675726454417
2022-04-16,-0.0031805042860567623
2022-04-17,-0.017502542356175654
2022-04-18,0.027929174608607443
2022-04-19,0.016571096753378534
2022-04-20,-0.003093074404708074
2022-04-21,-0.020471984048854197
2022-04-22,-0.019420038833716236
2022-04-23,-0.0063811726165236005
2022-04-24,-0.0004416040475622163
2022-04-25,0.025057850055308917
2022-04-26,-0.057858267871623625
2022-04-27,0.029478882606909007
2022-04-28,0.013575224570606004
2022-04-29,-0.02926557389929385
2022-04-30,-0.023179313474195662
2022-05-01,0.019997911964443782
2022-05-02,0.001565786170879102
2022-05-03,-0.020215120218891713
2022-05-04,0.051599856624237495
2022-05-05,-0.07867402068901796
2022-05-06,-0.014606061408683924
2022-05-07,-0.014954355270636377
2022-05-08,-0.040636848764922684
2022-05-09,-0.11046369999353145
2022-05-10,0.02396125848050934
2022-05-11,-0.06725839173272163
2022-05-12,0.003849706798608521
2022-05-13,0.008102229834508146
2022-05-14,0.027939733537411415
2022-05-15,0.03999325713567892
2022-05-16,-0.046069001557128786
2022-05-17,0.018850785235190015
2022-05-18,-0.05605711989808215
2022-05-19,0.05550304428240649
2022-05-20,-0.036734890846488066
2022-05-21,0.007927413013061102
2022-05-22,0.030289794482822652
2022-05-23,-0.04039123144227663
2022-05-24,0.019130468401079792
2022-05-25,-0.003143576713387941
2022-05-26,-0.009983529917456657
2022-05-27,-0.02185551924250806
2022-05-28,0.006543557286537771
2022-05-29,0.02190035821988534
2022-05-30,0.07744470968730455
2022-05-31,0.0020777630413166825
2022-06-01,-0.06269536357891181
2022-06-02,0.02243049790035867
2022-06-03,-0.02504629358369581
2022-06-04,0.004326748833952898
2022-06-05,0.00247203631266113
2022-06-06,0.048952630028413324
2022-06-07,-0.006859698773187373
2022-06-08,-0.03020730515832104
2022-06-09,-0.003387708269364409
2022-06-10,-0.03414563715680452
2022-06-11,-0.024858994495164377
2022-06-12,-0.056351073137826724
2022-06-13,-0.15974726027617203
2022-06-14,-0.012477914053041661
2022-06-15,0.01648355417709846
2022-06-16,-0.09707194434960298
2022-06-17,0.004407495444594733
2022-06-18,-0.07101780974085614
2022-06-19,0.0807475952890373
2022-06-20,0.002251010260589048
2022-06-21,0.0053914098304885805
2022-06-22,-0.034937106663198714
2022-06-23,0.05497803800296652
2022-06-24,0.006913598955313738
2022-06-25,0.012748964915301864
2022-06-26,-0.02209261947079333
2022-06-27,-0.013877981325425726
2022-06-28,-0.02193553187871977
2022-06-29,-0.008708372798288844
2022-06-30,-0.01588223750298734
2022-07-01,-0.02604834458398897
2022-07-02,-0.0014069651515379311
2022-07-03,0.002848954556089245
2022-07-04,0.04841073013105235
2022-07-05,-0.0020338071321012174
2022-07-06,0.017737930428710857
2022-07-07,0.053013857820514154
2022-07-08,0.004322538045727464
2022-07-09,-0.006392223420980114
2022-07-10,-0.03388990349346599
2022-07-11,-0.04265931997884009
2022-07-12,-0.03237979740682695
2022-07-13,0.04596171114078618
2022-07-14,0.017704551212910147
2022-07-15,0.012951348577769028
2022-07-16,0.01698899533192111
2022-07-17,-0.01939436147960416
2022-07-18,0.08211740099467768
2022-07-19,0.0401919693193753
2022-07-20,-0.006742410894342465
2022-07-21,-0.0028884421706671937
2022-07-22,-0.01941107679491816
2022-07-23,-0.010983941711781742
2022-07-24,0.006395837363315726
2022-07-25,-0.05517510011323534
2022-07-26,-0.005708686992848544
2022-07-27,0.0796052030234431
2022-07-28,0.0398306162434614
2022-07-29,-0.0016462880701044735
2022-07-30,-0.006235163651508224
2022-07-31,-0.013497960448739299
2022-08-01,-0.0009725914343493569
2022-08-02,-0.014415336683737068
2022-08-03,-0.0057275961266136655
2022-08-04,-0.009434736504108754
2022-08-05,0.029091011085651708
2022-08-06,-0.014085221654344782
2022-08-07,0.009346662498644243
2022-08-08,0.02733856978257987
2022-08-09,-0.02709709734425869
2022-08-10,0.033815983988709775
2022-08-11,0.00041284726535173455
2022-08-12,0.018586602023192844
2022-08-13,0.0008708010561344626
2022-08-14,-0.004288162539464846
2022-08-15,-0.007498615226969818
2022-08-16,-0.010510085263709001
2022-08-17,-0.02291530796119967
2022-08-18,-0.005281958173694035
2022-08-19,-0.10059931398792521
2022-08-20,0.013819043648011897
2022-08-21,0.01738918520335342
2022-08-22,-0.006279006699941081
2022-08-23,0.006036741981122917
2022-08-24,-0.006181150878381003
2022-08-25,0.009623023027591993
2022-08-26,-0.06207539958496022
2022-08-27,-0.010773990107132536
2022-08-28,-0.021201944769558057
2022-08-29,0.03472427641744291
2022-08-30,-0.024691382971281484
2022-08-31,0.012777568511970205
2022-09-01,0.0038592451457939436
2022-09-02,-0.007818752974256604
2022-09-03,-0.006894600364241943
2022-09-04,0.007796708085036963
2022-09-05,-0.008722884940063236
2022-09-06,-0.04919669232863699
2022-09-07,0.024029314602578067
2022-09-08,0.0020481649337233954
2022-09-09,0.10612188190716765
2022-09-10,0.014002365912589188
2022-09-11,0.004092001431295067
2022-09-12,0.027616624254801714
2022-09-13,-0.09270006906083372
2022-09-14,-0.0027402074343571003
2022-09-15,-0.026672422800232853
2022-09-16,0.003622774615297697
2022-09-17,0.017953757980268437
2022-09-18,-0.035179114785287124
2022-09-19,0.006417415961943007
2022-09-20,-0.033428956945789956
2022-09-21,-0.018177571658806957
2022-09-22,0.04669928789927913
2022-09-23,-0.005970680514919002
2022-09-24,-0.01868762076318642
2022-09-25,-0.007124358610731463
2022-09-26,0.022368473265013344
2022-09-27,-0.005832956039052206
2022-09-28,0.016544467837213528
2022-09-29,0.007532412719634118
2022-09-30,-0.0072171538473359
2022-10-01,-0.0061596674907298254
2022-10-02,-0.013876706359042923
2022-10-03,0.030427924155919772
2022-10-04,0.036347275524413414
2022-10-05,-0.008660486125090072
2022-10-06,-0.01018185214187517
2022-10-07,-0.02047530303595302
2022-10-08,-0.006665076603316944
2022-10-09,0.0015377290838616275
2022-10-10,-0.01568110303046133
2022-10-11,-0.00470529894576166
2022-10-12,0.005565325579645286
2022-10-13,0.011768739552548313
2022-10-14,-0.010176392755898878
2022-10-15,-0.0061515479500473536
2022-10-16,0.010513049302600663
2022-10-17,0.014670058500208416
2022-10-18,-0.011065647631146036
2022-10-19,-0.010079479991405349
2022-10-20,-0.004482602172654282
2022-10-21,0.006231244583192241
2022-10-22,0.0018631248583989013
2022-10-23,0.018680488353712166
2022-10-24,-0.011316781236911488
2022-10-25,0.03878330120960949
2022-10-26,0.03356831063305088
2022-10-27,-0.0233314959115013
2022-10-28,0.015257721000682789
2022-10-29,0.01083375534148523
2022-10-30,-0.008784170461560437
2022-10-31,-0.006776156462742766
2022-11-01,-0.0005123007449325812
2022-11-02,-0.015902620594443806
2022-11-03,0.0025042468919260763
2022-11-04,0.0463751969796804
2022-11-05,0.006405611254872046
2022-11-06,-0.01673684363155281
2022-11-07,-0.015466997985227438
2022-11-08,-0.10006131594948431
2022-11-09,-0.14349022466876316
2022-11-10,0.10742489862358795
2022-11-11,-0.03141443647663533
2022-11-12,-0.013802006476365758
2022-11-13,-0.026538209918333333
2022-11-14,0.016194463988263186
2022-11-15,0.016031463998783302
2022-11-16,-0.0127437818409466
2022-11-17,0.0010845070736082985
2022-11-18,0.0006148167681003791
2022-11-19,0.0008246325823211276
2022-11-20,-0.025115259939095247
2022-11-21,-0.030969374751391165
2022-11-22,0.025494274188105903
2022-11-23,0.02600021570334854
2022-11-24,-0.0003757930043709612
2022-11-25,-0.004975953615638518
2022-11-26,-0.0034839061881034583
2022-11-27,-0.0011937537130568554
2022-11-28,-0.013822428939733733
2022-11-29,0.014038085481754337
2022-11-30,0.044000289316970864
2022-12-01,-0.011732697360023692
2022-12-02,0.007162515027905547
2022-12-03,-0.010558102652595158
2022-12-04,0.013144481522908036
2022-12-05,-0.00908673304822849
2022-12-06,0.006755753090715411
2022-12-07,-0.01412428087141393
2022-12-08,0.022871839541696026
2022-12-09,-0.005821360340788395
2022-12-10,-0.00025843080632004245
2022-12-11,-0.0014321702613265819
2022-12-12,0.005977723618808328
2022-12-13,0.033410801008343594
2022-12-14,0.0019307922256450727
2022-12-15,-0.02530276169357326
2022-12-16,-0.04131220425223303
2022-12-17,0.008866650272798315
2022-12-18,-0.0022098857704312413
2022-12-19,-0.01899375344110854
2022-12-20,0.028384068842582266
2022-12-21,-0.005250676176186131
2022-12-22,0.0007615052090579333
2022-12-23,-0.001983838015767403
2022-12-24,0.003024520816182319
2022-12-25,-0.000342451024228807
2022-12-26,0.004620497716771643
2022-12-27,-0.011975957353969946
2022-12-28,-0.009846255365429935
2022-12-29,0.0054232979508825885
2022-12-30,-0.002388838052975517
2022-12-31,-0.0033181483870876605
2023-01-01,0.0046885633896178724
2023-01-02,0.0038129515588565255
2023-01-03,-0.000516121662866742
2023-01-04,0.010994150293785143
2023-01-05,-0.0015715814888571655
2023-01-06,0.006844106816741524
2023-01-07,0.00018342264818071996
2023-01-08,0.008025112314249405
2023-01-09,0.006167530562816603
2023-01-10,0.014522576515372032
2023-01-11,0.02800615102017323
2023-01-12,0.052115795988246116
2023-01-13,0.05511441660269112
2023-01-14,0.05357847423830919
2023-01-15,-0.004552757413617381
2023-01-16,0.013832516023570829
2023-01-17,-0.00038325091993141047
2023-01-18,-0.022339524368838015
2023-01-19,0.019238045679950355
2023-01-20,0.07539125404137925
2023-01-21,0.004457126566322689
2023-01-22,-0.002511630794474806
2023-01-23,0.009419529327844067
2023-01-24,-0.012991945703908492
2023-01-25,0.021266153759075257
2023-01-26,-0.003680359408276712
2023-01-27,0.0019950339114214177
2023-01-28,-0.0020641809553220147
2023-01-29,0.03228143207915801
2023-01-30,-0.03930367092328346
2023-01-31,0.013097316769725253
2023-02-01,0.025259482888651652
2023-02-02,-0.01061797692681965
2023-02-03,-0.0009606745041729203
2023-02-04,-0.005009723012217249
2023-02-05,-0.01612309690031044
2023-02-06,-0.008518883333286542
2023-02-07,0.022151986720186922
2023-02-08,-0.013965290320121615
2023-02-09,-0.04883996317743455
2023-02-10,-0.007693073387383564
2023-02-11,0.010146854341645195
2023-02-12,-0.003779998514005456
2023-02-13,0.0009132665684197239
2023-02-14,0.018924303145655852
2023-02-15,0.09392266116037784
2023-02-16,-0.028154173176657027
2023-02-17,0.03988096453648349
2023-02-18,0.0030805588480080637
2023-02-19,-0.012728023845912761
2023-02-20,0.020614650916729094
2023-02-21,-0.01581991113645098
2023-02-22,-0.01012875204423358
2023-02-23,-0.00997780485063493
2023-02-24,-0.03129201289670536
2023-02-25,-0.0009807668166905703
2023-02-26,0.016648614774302573
2023-02-27,-0.0016273269569350157
2023-02-28,-0.01596393470118429
2023-03-01,0.02156606219747892
2023-03-02,-0.007235050302163204
2023-03-03,-0.047402129167592566
2023-03-04,-0.0004172164631153219
2023-03-05,0.0036756935285233716
2023-03-06,-0.00025655126328649747
2023-03-07,-0.00936203961743065
2023-03-08,-0.022578517406286358
2023-03-09,-0.06239311158608585
2023-03-10,-0.008632183779056501
2023-03-11,0.022051846825845045
2023-03-12,0.07422977009964415
2023-03-13,0.09175187888693825
2023-03-14,0.022669294883089997
2023-03-15,-0.014956444322371198
2023-03-16,0.027766213062754286
2023-03-17,0.0946457745317153
2023-03-18,-0.01670259464889101
2023-03-19,0.039783493752593824
2023-03-20,-0.00968089417783835
2023-03-21,0.014714466837708162
2023-03-22,-0.030820008681536337
2023-03-23,0.03759177902540278
2023-03-24,-0.02967065403073854
2023-03-25,5.17171735541222e-05
2023-03-26,0.018171608313816145
2023-03-27,-0.03052194511765327
2023-03-28,0.004725228944394866
2023-03-29,0.0396180637553154
2023-03-30,-0.0111074503792854
2023-03-31,0.015871042968584437
2023-04-01,-0.0023684272611504964
2023-04-02,-0.00745226498561502
2023-04-03,-0.014507018470504951
2023-04-04,0.0135971982612757
2023-04-05,0.000351267384649967
2023-04-06,-0.004749940528704033
2023-04-07,-0.004217681389550476
2023-04-08,0.0007854922772632111
2023-04-09,0.013784839213681899
2023-04-10,0.04658621825410658
2023-04-11,0.019629666758571807
2023-04-12,-0.003175315803583212
2023-04-13,0.00862713483952482
2023-04-14,0.002849851088919886
2023-04-15,-0.005484641300179338
2023-04-16,-0.00010358775680330279
2023-04-17,-0.028708571396173888
2023-04-18,0.032348662229154
2023-04-19,-0.0518092051895368
2023-04-20,-0.020008250880993006
2023-04-21,-0.034308522518338824
2023-04-22,0.01981858797984626
2023-04-23,-0.008128524647254443
2023-04-24,-0.002393679129772508
2023-04-25,0.02841955147295372
2023-04-26,0.004066170397882152
2023-04-27,0.036980508331842854
2023-04-28,-0.00453030993708059
2023-04-29,-0.0031279011203009244
2023-04-30,0.000694680667924441
2023-05-01,-0.04022160164248023
2023-05-02,0.020966033026897257
2023-05-03,0.01135862564681589
2023-05-04,-0.005467695268338013
2023-05-05,0.023803407820215394
2023-05-06,-0.021323001096775096
2023-05-07,-0.015556145829018653
2023-05-08,-0.026733637409259936
2023-05-09,-0.0012817829272578907
2023-05-10,-0.0013384371045779275
2023-05-11,-0.022481076150133283
2023-05-12,-0.007251596524522896
2023-05-13,-0.0007801573211611013
2023-05-14,0.005471927993601522
2023-05-15,0.009730726801279843
2023-05-16,-0.005738415341494774
2023-05-17,0.013394867282656264
2023-05-18,-0.02067950762275983
2023-05-19,0.0021585968530852817
2023-05-20,0.008905016115201336
2023-05-21,-0.013850552916312875
2023-05-22,0.0036425134576618667
2023-05-23,0.013945303754316907
2023-05-24,-0.03272302765106416
2023-05-25,0.005368887301425707
2023-05-26,0.009181223884829448
2023-05-27,0.005578834405180588
2023-05-28,0.0453058267244435
2023-05-29,-0.0120973437068298
2023-05-30,-0.0015690671469931194
2023-05-31,-0.01742420455507676
2023-06-01,-0.014683709247646393
2023-06-02,0.01601855426947596
2023-06-03,-0.0064023326039167605
2023-06-04,0.001622799291266075
2023-06-05,-0.05011119223804861
2023-06-06,0.057402171630208665
2023-06-07,-0.03277624957004588
2023-06-08,0.0061572444403654725
2023-06-09,-0.0010503081775867784
2023-06-10,-0.02375852931180167
2023-06-11,0.0034399794195076883
2023-06-12,-0.001452109670044499
2023-06-13,0.0006265231396582749
2023-06-14,-0.030636253390914137
2023-06-15,0.017979087727655774
2023-06-16,0.029365685552642073
2023-06-17,0.006959002900740696
2023-06-18,-0.006580854145875503
2023-06-19,0.019547852547670663
2023-06-20,0.05498705349618893
2023-06-21,0.06000562340273241
2023-06-22,-0.0038303689299371557
2023-06-23,0.02618280743799839
2023-06-24,-0.0047815994828226405
2023-06-25,-0.002240147837737516
2023-06-26,-0.006861189753050945
2023-06-27,0.013776598074988877
2023-06-28,-0.01961401038928634
2023-06-29,0.011935868224670187
2023-06-30,0.0010477918298796851
2023-07-01,0.0037019798257575953
2023-07-02,0.0010033124506771962
2023-07-03,0.01749367929268808
2023-07-04,-0.012159843310882601
2023-07-05,-0.0085586975402272
2023-07-06,-0.019821224171432172
2023-07-07,0.014474667943441766
2023-07-08,-0.0016387902600796256
2023-07-09,-0.004004505286051452
2023-07-10,0.008061862007427312
2023-07-11,0.006788889103658935
2023-07-12,-0.007488490028050299
2023-07-13,0.03568093437476372
2023-07-14,-0.036280934592069825
2023-07-15,-0.001261344778969442
2023-07-16,-0.001540603578530031
2023-07-17,-0.0034131272874816654
2023-07-18,-0.009597533349379406
2023-07-19,0.0019212301525000086
2023-07-20,-0.0040752996439197275
2023-07-21,0.0039181140710413676
2023-07-22,-0.004578641136054662
2023-07-23,0.010504447141318263
2023-07-24,-0.03016908602087709
2023-07-25,0.0017299501204297574
2023-07-26,0.004365152978824893
2023-07-27,-0.004915119656712763
2023-07-28,0.0037163327075591113
2023-07-29,0.001284885528077373
2023-07-30,-0.002779902682116475
2023-07-31,-0.0015438698273756435
2023-08-01,0.015245275282999904
2023-08-02,-0.01764989082843693
2023-08-03,0.0009166006009861949
2023-08-04,-0.0035843942133476636
2023-08-05,-0.0010994270766331304
2023-08-06,-9.347950838400898e-06
2023-08-07,0.004776645775930843
2023-08-08,0.020044635853149417
2023-08-09,-0.006853508270246889
2023-08-10,-0.004461964714047806
2023-08-11,-0.001083159880198692
2023-08-12,0.0006207965516027425
2023-08-13,-0.004523080645381872
2023-08-14,0.004286776125049352
2023-08-15,-0.008096168172366025
2023-08-16,-0.016063173634291772
2023-08-17,-0.07097917151940503
2023-08-18,-0.02306411031148714
2023-08-19,0.0017907574452629138
2023-08-20,0.00357825614760654
2023-08-21,-0.002498831574187843
2023-08-22,-0.0035401882238949023
2023-08-23,0.015365306423789304
2023-08-24,-0.01018731988472621
2023-08-25,-0.004384352975912553
2023-08-26,-0.0015051281432193475
2023-08-27,0.0031232321991347956
2023-08-28,0.0006307866874213364
2023-08-29,0.062101924766441385
2023-08-30,-0.015512708305083889
2023-08-31,-0.0500340578984273
2023-09-01,-0.005042060225742162
2023-09-02,0.0026384615075991658
2023-09-03,0.0038953327054152
2023-09-04,-0.006051329012069284
2023-09-05,-0.0012565113521479931
2023-09-06,-0.0010374752516241204
2023-09-07,0.018908652030005024
2023-09-08,-0.012749181613965876
2023-09-09,-0.0003851113886439439
2023-09-10,-0.0024502611024840304
2023-09-11,-0.02592003689674205
2023-09-12,0.026654161568650414
2023-09-13,0.01528956036711282
2023-09-14,0.011870739692642074
2023-09-15,0.0026006171627044328
2023-09-16,-0.001518755875352329
2023-09-17,-0.0012832501161511578
2023-09-18,0.008294723552398242
2023-09-19,0.017075246134672373
2023-09-20,-0.00290724465500225
2023-09-21,-0.02080107760178318
2023-09-22,0.0004492514240630463
2023-09-23,-6.686879658768241e-06
2023-09-24,-0.01213588594546644
2023-09-25,0.0015864178176880905
2023-09-26,-0.0030887894396227633
2023-09-27,0.005167086436411061
2023-09-28,0.02537992888096885
2023-09-29,-0.004064392478456136
2023-09-30,0.0020881352448591795
2023-10-01,0.037668241913332734
2023-10-02,-0.016186709920936293
2023-10-03,-0.003661597010505724
2023-10-04,0.013467601347721292
2023-10-05,-0.01379463216164356
2023-10-06,0.01935684447622399
2023-10-07,0.0007958817661306572
2023-10-08,-0.001206700034343422
2023-10-09,-0.012579594744121514
2023-10-10,-0.006984500217130485
2023-10-11,-0.018900326735168282
2023-10-12,-0.0043359541366684295
2023-10-13,0.003945769916393171
2023-10-14,-2.4866332556272575e-05
2023-10-15,0.011091823470242623
2023-10-16,0.05006744695824206
2023-10-17,-0.0036367703063566736
2023-10-18,-0.0030759792019486865
2023-10-19,0.013818840741083749
2023-10-20,0.033535830870205396
2023-10-21,0.007932597562652743
2023-10-22,0.002523007395046406
2023-10-23,0.10309890521346299
2023-10-24,0.02464145540134477
2023-10-25,0.017736456610143003
2023-10-26,-0.010033147199696724
2023-10-27,-0.007226928505637331
2023-10-28,0.005301518539129857
2023-10-29,0.013168432293093613
2023-10-30,-0.0010457086417764438
2023-10-31,0.004794395311462418
2023-11-01,0.022195613001625203
2023-11-02,-0.014081557224217889
2023-11-03,-0.005893770145759425
2023-11-04,0.010073356782761111
2023-11-05,-0.0009360829177728069
2023-11-06,-0.0003419285416157436
2023-11-07,0.011593090279608864
2023-11-08,0.005973294692089626
2023-11-09,0.029107827327892632
2023-11-10,0.01691989303173269
2023-11-11,-0.0047145338500075296
2023-11-12,-0.002249209321512735
2023-11-13,-0.014901395821212304
2023-11-14,-0.026428838121854925
2023-11-15,0.06592844558740318
2023-11-16,-0.04555929205565723
2023-11-17,0.012222842746045792
2023-11-18,-0.000300039994658885
2023-11-19,0.021889527372586093
2023-11-20,0.0024182537251242753
2023-11-21,-0.04437779006078835
2023-11-22,0.045192824521265385
2023-11-23,-0.003812712499291715
2023-11-24,0.011549062275727495
2023-11-25,0.0020283973558654633
2023-11-26,-0.008404730932136117
2023-11-27,-0.006002091789647501
2023-11-28,0.01548599794884531
2023-11-29,0.0007244373065387055
2023-11-30,-0.0038497596002547985
2023-12-01,0.025879947957747618
2023-12-02,0.020356874575942596
2023-12-03,0.012717964611113297
2023-12-04,0.05006972516793251
2023-12-05,0.05003682455553493
2023-12-06,-0.007581629055975703
2023-12-07,-0.010372985662227885
2023-12-08,0.02018673414826888
2023-12-09,-0.009976252913108663
2023-12-10,0.0012284421841561866
2023-12-11,-0.05792335792051162
2023-12-12,0.005004157345118276
2023-12-13,0.03475299863154757
2023-12-14,0.0031062756659134827
2023-12-15,-0.025432678020983368
2023-12-16,0.007401888090740938
2023-12-17,-0.02072563201266564
2023-12-18,0.030433584522719714
2023-12-19,-0.008282083715112631
2023-12-20,0.032687613405284255
2023-12-21,0.0049688697318006625
2023-12-22,0.002934864092908329
2023-12-23,-0.005872083923035065
2023-12-24,-0.01653939964043194
2023-12-25,0.013879063861056418
2023-12-26,-0.025055253200995553
2023-12-27,0.021694364920222586
2023-12-28,-0.01876027694786908
2023-12-29,-0.012396896798793966
2023-12-30,0.0013658151137276864
2023-12-31,0.002568622223877659
2024-01-01,0.0450049945064126
2024-01-02,0.017900939051301412
2024-01-03,-0.04692812036242189
2024-01-04,0.03108057856532498
2024-01-05,-0.0003900067727314882
2024-01-06,-0.003928567037593367
2024-01-07,-0.0010479313368322307
2024-01-08,0.06889378335779228
2024-01-09,-0.017687130611972357
2024-01-10,0.010577584004972662
2024-01-11,-0.005558733892443213
2024-01-12,-0.07581464687080208
2024-01-13,-0.0002516769882185965
2024-01-14,-0.0244177193838242
2024-01-15,0.01712351907901466
2024-01-16,0.015124600939588229
2024-01-17,-0.009553782672285682
2024-01-18,-0.034639725632667706
2024-01-19,0.00863620644230223
2024-01-20,0.0011336255217606617
2024-01-21,-0.0028752933279206916
2024-01-22,-0.049064374667218136
2024-01-23,0.008560013431039293
2024-01-24,0.005810521700930993
2024-01-25,-0.0035747525934159974
2024-01-26,0.04715459322091098
2024-01-27,0.007250269707417489
2024-01-28,-0.002005242826170095
2024-01-29,0.029799801358818767
2024-01-30,-0.007753530092744043
2024-01-31,-0.00861423582021903
2024-02-01,0.011581441842771323
2024-02-02,0.0025556346111748063
2024-02-03,-0.0044831659668692625
2024-02-04,-0.009505619472114146
2024-02-05,0.0017632602500394778
2024-02-06,0.009986338686479135
2024-02-07,0.028630850081180936
2024-02-08,0.022188248784866804
2024-02-09,0.040741037427910465
2024-02-10,0.013236801662479536
2024-02-11,0.010940478338881565
2024-02-12,0.034461993507690414
2024-02-13,-0.004319233922406296
2024-02-14,0.041900916949929146
2024-02-15,0.0021583350882306007
2024-02-16,0.004267512618200353
2024-02-17,-0.009532306269177337
2024-02-18,0.008895163192163213
2024-02-19,-0.006588364620277343
2024-02-20,0.009767068832988945
2024-02-21,-0.008524364120598982
2024-02-22,-0.010305082651198116
2024-02-23,-0.011168964874795462
2024-02-24,0.016540904827679226
2024-02-25,0.003143945229742817
2024-02-26,0.053914352844811164
2024-02-27,0.04700762695380023
2024-02-28,0.09493531994124749
2024-02-29,-0.020900898468654838
2024-03-01,0.020298739001094468
2024-03-02,-0.006578811548619723
2024-03-03,0.01833832389535761
2024-03-04,0.08173591649219114
2024-03-05,-0.06628402455760396
2024-03-06,0.03613733749494208
2024-03-07,0.012384196927533564
2024-03-08,0.020539401213709896
2024-03-09,0.0029105240064184468
2024-03-10,0.007604594828588107
2024-03-11,0.04497430707429584
2024-03-12,-0.008909905479502545
2024-03-13,0.022414410239567806
2024-03-14,-0.0230819028918976
2024-03-15,-0.027911980219644583
2024-03-16,-0.05891115205258901
2024-03-17,0.04708722796395115
2024-03-18,-0.0123120859035869
2024-03-19,-0.08343356981432348
2024-03-20,0.09692504638897836
2024-03-21,-0.03566706353999505
2024-03-22,-0.02615044343853401
2024-03-23,0.004444134671348854
2024-03-24,0.04951388799118828
2024-03-25,0.04052464020923141
2024-03-26,0.00041486463910467286
2024-03-27,-0.007608353371227561
2024-03-28,0.018567460837021654
2024-03-29,-0.01204502883045766
2024-03-30,-0.0035414711944022903
2024-03-31,0.02424203264779501
2024-04-01,-0.022871394296192005
2024-04-02,-0.061047985989492126
2024-04-03,0.008156830210526378
2024-04-04,0.038314642609167615
2024-04-05,-0.009797320875087778
2024-04-06,0.015602971156545964
2024-04-07,0.006770270726916605
2024-04-08,0.03270935878474601
2024-04-09,-0.03479403115822832
2024-04-10,0.0209558550176423
2024-04-11,-0.007469744331340511
2024-04-12,-0.04088948430588779
2024-04-13,-0.05021729270691988
2024-04-14,0.03004089104268326
2024-04-15,-0.03517737178558533
2024-04-16,0.006080330797783695
2024-04-17,-0.03972884891052719
2024-04-18,0.03649124077498622
2024-04-19,0.005208661031110617
2024-04-20,0.018026421268684478
2024-04-21,-0.0010431180502996629
2024-04-22,0.029433758205850147
2024-04-23,-0.006439574982440521
2024-04-24,-0.03208044676017341
2024-04-25,0.0031863484195515657
2024-04-26,-0.011265004482557628
2024-04-27,-0.005272966802647994
2024-04-28,-0.004823625063903991
2024-04-29,0.011533090916022948
2024-04-30,-0.050191249309274655
2024-05-01,-0.03929695449375714
2024-05-02,0.014924669552331737
2024-05-03,0.06370405294167747
2024-05-04,0.015926845790239064
2024-05-05,0.002185896653241981
2024-05-06,-0.013574390387488533
2024-05-07,-0.01309542885757653
2024-05-08,-0.018398626419713127
2024-05-09,0.03043115176709965
2024-05-10,-0.035799920573900024
2024-05-11,1.5356984674586016e-05
2024-05-12,0.010768936188532141
2024-05-13,0.023646747788683697
2024-05-14,-0.02144084393922019
2024-05-15,0.07659609250545496
2024-05-16,-0.01563225228621834
2024-05-17,0.02790508695432159
2024-05-18,-0.0016564833198177142
2024-05-19,-0.009895869986810912
2024-05-20,0.07800174241430358
2024-05-21,-0.018358253231772315
2024-05-22,-0.01446030042296964
2024-05-23,-0.017255976976508713
2024-05-24,0.008781729788116976
2024-05-25,0.010796524727518797
2024-05-26,-0.010796814497022966
2024-05-27,0.012791671360530277
2024-05-28,-0.015827408107827234
2024-05-29,-0.01051485738366742
2024-05-30,0.011644282841286824
2024-05-31,-0.012778150001159894
2024-06-01,0.0031933460054698326
2024-06-02,0.0006596674454519835
2024-06-03,0.015544720172089965
2024-06-04,0.025622992224831664
2024-06-05,0.007298724608017615
2024-06-06,-0.004581363662391591
2024-06-07,-0.01999201273457618
2024-06-08,-0.0005308786729295578
2024-06-09,0.00493781012787653
2024-06-10,-0.0019485261992140401
2024-06-11,-0.03136496113771259
2024-06-12,0.013502581655740586
2024-06-13,-0.021757960505889518
2024-06-14,-0.011164543099157487
2024-06-15,0.0027253941690672523
2024-06-16,0.006768999939568809
2024-06-17,-0.0022321747830370553
2024-06-18,-0.02029695827328193
2024-06-19,-0.0027701435671353414
2024-06-20,-0.00202647819256907
2024-06-21,-0.011298352821403679
2024-06-22,0.0024397531859308152
2024-06-23,-0.01668075089399379
2024-06-24,-0.04595356431233677
2024-06-25,0.025336630415439876
2024-06-26,-0.016072632592061153
2024-06-27,0.013048951973404943
2024-06-28,-0.020853310881755127
2024-06-29,0.009403861104374522
2024-06-30,0.029413551620566913
2024-07-01,0.002771094932125795
2024-07-02,-0.013093697885290578
2024-07-03,-0.02990687070088416
2024-07-04,-0.05311634426354228
2024-07-05,-0.005534237213954074
2024-07-06,0.02896391234041995
2024-07-07,-0.042097439142912196
2024-07-08,0.015326802715911692
2024-07-09,0.02299844211812685
2024-07-10,-0.004598069730556098
2024-07-11,-0.006885432015347748
2024-07-12,0.009670444019596935
2024-07-13,0.023013827240820017
2024-07-14,0.026266900915231206
2024-07-15,0.06715755212726138
2024-07-16,0.003499237870556282
2024-07-17,-0.01502916014346345
2024-07-18,-0.0022571629283560934
2024-07-19,0.042768734230136385
2024-07-20,0.0067979482134701286
2024-07-21,0.014753144342986024
2024-07-22,-0.00835268752223095
2024-07-23,-0.02452573786440093
2024-07-24,-0.008426492953570563
2024-07-25,0.00619673448871394
2024-07-26,0.032455548053117234
2024-07-27,-0.0014537411892032726
2024-07-28,0.006525726007755361
2024-07-29,-0.021037797689324123
2024-07-30,-0.009262185475442442
2024-07-31,-0.023893373992326827
2024-08-01,0.011424614182306447
2024-08-02,-0.06032105869640059
2024-08-03,-0.011967302150066583
2024-08-04,-0.04223983565450573
2024-08-05,-0.07098647891315102
2024-08-06,0.03783671505322772
2024-08-07,-0.017968550940289485
2024-08-08,0.12144256099404904
2024-08-09,-0.013450358103773374
2024-08-10,0.001079157301276501
2024-08-11,-0.036529632368097475
2024-08-12,0.010814659848586317
2024-08-13,0.021144992390795814
2024-08-14,-0.0308911115194338
2024-08-15,-0.020041310813293967
2024-08-16,0.023175912946963972
2024-08-17,0.00993082725079053
2024-08-18,-0.016728732324455264
2024-08-19,0.01726094125025579
2024-08-20,-0.008079210921579816
2024-08-21,0.03664287570061453
2024-08-22,-0.012967304646127387
2024-08-23,0.061482671821355916
2024-08-24,0.0013205019089592707
2024-08-25,0.0024081210374646833
2024-08-26,-0.022583597070127692
2024-08-27,-0.05369739018896724
2024-08-28,-0.00800797843742207
2024-08-29,0.006108236397788236
2024-08-30,-0.004524521990973862
2024-08-31,-0.002530098940268344
2024-09-01,-0.027885585694078285
2024-09-02,0.031172733823612075
2024-09-03,-0.02844504270361159
2024-09-04,0.00941156177702851
2024-09-05,-0.031240343288065575
2024-09-06,-0.03938239218868078
2024-09-07,0.003539165966313096
2024-09-08,0.012964221602682846
2024-09-09,0.039713831911113884
2024-09-10,0.011034389872275785
2024-09-11,-0.005300015516934153
2024-09-12,0.013669279499548104
2024-09-13,0.04205082955798245
2024-09-14,-0.00934732588201681
2024-09-15,-0.013703582981947293
2024-09-16,-0.016733367188517922
2024-09-17,0.0363626062794542
2024-09-18,0.02223798894564699
2024-09-19,0.020937291974474137
2024-09-20,0.004012038411551844
2024-09-21,0.003194394254405042
2024-09-22,0.004004601863112578
2024-09-23,-0.005010473135318549
2024-09-24,0.01535087678718594
2024-09-25,-0.018021597802944433
2024-09-26,0.032273891570151925
2024-09-27,0.00935309904070647
2024-09-28,0.0014741358273548943
2024-09-29,-0.003829909793174213
2024-09-30,-0.035130555094979754
2024-10-01,-0.039357521968434894
2024-10-02,-0.0033568819965540397
2024-10-03,0.0020882627636797935
2024-10-04,0.021528753876634443
2024-10-05,0.0003620681473552878
2024-10-06,0.011741093613744757
2024-10-07,-0.009269383518558882
2024-10-08,-0.001682150134457161
2024-10-09,-0.024944762232405493
2024-10-10,-0.005077433013489285
2024-10-11,0.036011743668549645
2024-10-12,0.011977460447594401
2024-10-13,-0.005406426515387475
2024-10-14,0.050830232433260125
2024-10-15,0.015064992457922477
2024-10-16,0.008526251733136592
2024-10-17,-0.0031485616380424464
2024-10-18,0.015118035686984221
2024-10-19,-0.0008192879217548965
2024-10-20,0.009346740674458287
2024-10-21,-0.023678423698328066
2024-10-22,-9.567341618454961e-05
2024-10-23,-0.01379441121005398
2024-10-24,0.02602442034118191
2024-10-25,-0.022280180844656217
2024-10-26,0.00558625096700216
2024-10-27,0.01364777618155344
2024-10-28,0.029125296867722028
2024-10-29,0.04023493905417541
2024-10-30,-0.005238593875544262
2024-10-31,-0.029366396164960396
2024-11-01,-0.010435331387529279
2024-11-02,-0.0027804900426771084
2024-11-03,-0.00791112711687536
2024-11-04,-0.013523338185854272
2024-11-05,0.02282879023690776
2024-11-06,0.09053568676993895
2024-11-07,0.003513808689745934
2024-11-08,0.008439738809541852
2024-11-09,0.0030490452928257916
2024-11-10,0.048129393514959595
2024-11-11,0.10223522760015435
2024-11-12,-0.008406532091926988
2024-11-13,0.029882636380625716
2024-11-14,-0.03680261786927608
2024-11-15,0.04373133907381366
2024-11-16,-0.005573223886622736
2024-11-17,-0.007869224693816235
2024-11-18,0.007755383808848215
2024-11-19,0.019892819836786257
2024-11-20,0.02161166598491282
2024-11-21,0.044151545428309014
2024-11-22,0.005004201495724558
2024-11-23,-0.012327389984975179
2024-11-24,0.002419161787646784
2024-11-25,-0.05011051933125821
2024-11-26,-0.011997304040733403
2024-11-27,0.04323745271515378
2024-11-28,-0.0032310787967048116
2024-11-29,0.018912786163713058
2024-11-30,-0.010388394458550332
2024-12-01,0.008613193542348574
2024-12-02,-0.01454037255458307
2024-12-03,0.0014276215513644441
2024-12-04,0.02881567529768403
2024-12-05,-0.022020788503929523
2024-12-06,0.03444474217316973
2024-12-07,2.627082989481444e-05
2024-12-08,0.013136868131795154
2024-12-09,-0.03756861480096407
2024-12-10,-0.007772430783165474
2024-12-11,0.04652269534294651
2024-12-12,-0.011169293200355757
2024-12-13,0.014156490833941326
2024-12-14,-0.0008504799301751742
2024-12-15,0.02886101293644905
2024-12-16,0.016596788984881483
2024-12-17,0.001045771070669721
2024-12-18,-0.057462106019896764
2024-12-19,-0.025495268879325628
2024-12-20,0.002717960528709318
2024-12-21,-0.005433973434635808
2024-12-22,-0.021802983021374844
2024-12-23,-0.004402456102765462
2024-12-24,0.04213760595334648
2024-12-25,0.0063146152104343045
2024-12-26,-0.03528406928650052
2024-12-27,-0.017022260795415023
2024-12-28,0.010609799867287384
2024-12-29,-0.017167251608511402
2024-12-30,-0.00948373223930199
